{
  "customers": [
    {
        "id": "290000",
        "name": "Luis Castillo API",
        "age": 30
    },
    {
        "id": "120000",
        "name": "Luz Maria Valenzuela",
        "age": 20
    },
    {
        "id": "980000",
        "name": "Leonardo Castillo",
        "age": 1
    }
  ],

  "posts": [
    {
      "id": 1,
      "title": "json-server",
      "author": "typicode"
    }
  ],
  "comments": [
    {
      "id": 1,
      "body": "some comment",
      "postId": 1
    }
  ],
  "profile": {
    "name": "typicode"
  }
}